USE assisthomist;

# Данные постаралась привести в подобие, но не все - таблицы с таймштампами сгенерированы

INSERT INTO rooms (name)
VALUES ('Прихожая'),
       ('Ванна'),
       ('Туалет'),
       ('Спальня'),
       ('Детская'),
       ('Кухня'),
       ('Гостиная');

INSERT INTO users
VALUES ('1', 'workbench', NULL, NULL, NULL),
       ('2', 'Батя', '8A:46:AB:7A:1E:0B', 'florida45@example.com', '89094398686'),
       ('3', 'Катя', '8A:09:D2:49:7A:BF', 'sdurgan@example.net', '89252591470'),
       ('4', 'Алиса', '8A:EE:5B:DD:DE:5C', 'doyle.stacy@example.org', '89080027143'),
       ('5', 'Пашка', '8A:73:4E:61:7C:0C', 'hmoore@example.org', '89185884015');

INSERT INTO actions (name)
VALUES ('Включить'),
       ('Выключить'),
       ('Перезапустить'),
       ('Считать'),
       ('Удалить'),
       ('Создать'),
       ('Очистить лог'),
       ('Сбросить нотификацию'),
       ('Настроить'),
       ('Сценарии'),
       ('Пользователи');

INSERT INTO gadget_types (name, icon, units)
VALUES ('Розетка', 'socket.png', NULL),
       ('Техника', '1.png', NULL),
       ('Датчик протечки', 'leak.png', NULL),
       ('Датчик газа', 'gas.png', 'мкг/м3'),
       ('Датчик дыма', 'smoke_sensor.png', 'мкг/м3'),
       ('Датчик СО2', 'CO2.png', '%'),
       ('Датчик движения', 'moving_sensor.png', NULL),
       ('Датчик целого окна', 'broken.png', NULL),
       ('Датчик открытой двери', 'open_door.png', NULL),
       ('Датчик освещенности', 'light.png', 'люмен'),
       ('Термометр', 'thermo.png', 'oC'),
       ('Влажность', 'humid.png', '%'),
       ('Домофон', 'welcome.png', NULL),
       ('Камера', 'cam.png', NULL),
       ('Звуковое устройство', 'sound.png', NULL),
       ('Отопление', 'heater.png', NULL),
       ('Роутер', 'i-net.png', NULL),
       ('Доводчик', 'window.png', NULL),
       ('Освещение', 'lamp.png', NULL),
       ('Счетчик воды', 'time.png', 'литров'),
       ('Счетчик газа', 'time.png', 'м3'),
       ('Счетчик электричества', 'time.png', 'кв/ч'),
       ('Карниз', 'curtains.png', NULL);

INSERT INTO access_levels (user_id, action, room, gadget_type)
VALUES (1, NULL, NULL, NULL),
       (2, NULL, NULL, NULL),
       (3, 1, NULL, NULL),
       (3, 2, NULL, NULL),
       (3, 3, NULL, NULL),
       (3, 4, NULL, NULL),
       (3, 5, NULL, NULL),
       (3, 6, NULL, NULL),
       (3, 11, NULL, NULL),
       (4, 1, 2, 2),
       (4, 1, 2, 19),
       (4, 1, 3, 2),
       (4, 1, 3, 19),
       (4, 1, 5, 1),
       (4, 1, 5, 2),
       (4, 1, 5, 15),
       (4, 1, 5, 16),
       (4, 1, 5, 18),
       (4, 1, 5, 19),
       (4, 1, 5, 23),
       (4, 2, 2, 2),
       (4, 2, 2, 19),
       (4, 2, 3, 2),
       (4, 2, 3, 19),
       (4, 2, 5, 1),
       (4, 2, 5, 2),
       (4, 2, 5, 15),
       (4, 2, 5, 16),
       (4, 2, 5, 18),
       (4, 2, 5, 19),
       (4, 2, 5, 23),
       (4, 4, 1, 13),
       (4, 4, 1, 14),
       (5, 1, 2, 2),
       (5, 1, 2, 19),
       (5, 1, 3, 2),
       (5, 1, 3, 19),
       (5, 1, 5, 1),
       (5, 1, 5, 2),
       (5, 1, 5, 15),
       (5, 1, 5, 16),
       (5, 1, 5, 18),
       (5, 1, 5, 19),
       (5, 1, 5, 23),
       (5, 2, 2, 2),
       (5, 2, 2, 19),
       (5, 2, 3, 2),
       (5, 2, 3, 19),
       (5, 2, 5, 1),
       (5, 2, 5, 2),
       (5, 2, 5, 15),
       (5, 2, 5, 16),
       (5, 2, 5, 18),
       (5, 2, 5, 19),
       (5, 2, 5, 23);

INSERT INTO gadgets (name, room, type)
VALUES ('Сушка для обуви', 1, 1),
       ('Розетка у двери', 1, 1),
       ('Робот-пылесос', 1, 2),
       ('Датчик движения', 1, 7),
       ('Входная дверь', 1, 9),
       ('Температура', 1, 11),
       ('Влажность', 1, 12),
       ('Домофон', 1, 13),
       ('Камера наружняя', 1, 14),
       ('Камера внутренняя', 1, 14),
       ('Теплый пол', 1, 16),
       ('Главный', 1, 17),
       ('Прихожая', 1, 19),
       ('Ночь', 1, 22),
       ('День', 1, 22),
       ('Розетка за дверью', 2, 1),
       ('Фен', 2, 1),
       ('Стиральная машина', 2, 1),
       ('Стиральная машина', 2, 2),
       ('Бойлер', 2, 2),
       ('Вытяжка', 2, 2),
       ('Под стиралкой', 2, 3),
       ('Под ванной', 2, 3),
       ('Над бойлером', 2, 4),
       ('Датчик движения', 2, 7),
       ('Температура', 2, 11),
       ('Влажность', 2, 12),
       ('Колонка', 2, 15),
       ('Теплый пол', 2, 16),
       ('Верхний', 2, 19),
       ('Зеркало', 2, 19),
       ('Под полкой', 3, 1),
       ('За полкой', 3, 1),
       ('Протечка', 3, 3),
       ('Датчик движения', 3, 7),
       ('Вода', 3, 20),
       ('Справа', 4, 1),
       ('Слева', 4, 1),
       ('У торшера', 4, 1),
       ('Торшер', 4, 1),
       ('За шкафом', 4, 1),
       ('Телевизор', 4, 2),
       ('Увлажнитель', 4, 2),
       ('Углекислый газ', 4, 6),
       ('Правое окно', 4, 8),
       ('Левое окно', 4, 8),
       ('Левое окно', 4, 8),
       ('Количество света', 4, 10),
       ('Температура', 4, 11),
       ('Влажность', 4, 12),
       ('Правая батарея', 4, 16),
       ('Левая батарея', 4, 16),
       ('Левое окно', 4, 18),
       ('Правое окно', 4, 18),
       ('Правое окно', 4, 18),
       ('Верхний свет', 4, 19),
       ('Прикроватный справа', 4, 19),
       ('Прикроватный слева', 4, 19),
       ('Правое окно', 4, 23),
       ('Левое окно', 4, 23),
       ('Компьютер', 5, 1),
       ('Лампа', 5, 1),
       ('У входа-1', 5, 1),
       ('У входа-2', 5, 1),
       ('Телевизор', 5, 1),
       ('Алиса', 5, 1),
       ('Паша', 5, 1),
       ('Телевизор', 5, 2),
       ('Увлажнитель', 5, 2),
       ('Углекислый газ', 5, 6),
       ('Окно', 5, 8),
       ('Количество света', 5, 10),
       ('Температура', 5, 11),
       ('Влажность', 5, 12),
       ('Колонка', 5, 15),
       ('Радиатор', 5, 16),
       ('Репитер', 5, 17),
       ('Окно', 5, 18),
       ('Верхний свет', 5, 19),
       ('Алиса', 5, 19),
       ('Паша', 5, 19),
       ('Подсветка', 5, 19),
       ('Окно', 5, 23),
       ('Стол-1', 6, 1),
       ('Стол-2', 6, 1),
       ('Стол-3', 6, 1),
       ('Стол-4', 6, 1),
       ('Стол-5', 6, 1),
       ('Холодильник', 6, 1),
       ('Телевизор', 6, 1),
       ('Посудомоечная машина', 6, 1),
       ('Духовка', 6, 1),
       ('Микроволновка', 6, 1),
       ('Варка', 6, 1),
       ('Чайник', 6, 1),
       ('Кофемашина', 6, 1),
       ('Кофемашина', 6, 2),
       ('Чайник', 6, 2),
       ('Духовка', 6, 2),
       ('Посудомойка', 6, 2),
       ('Посудомойка', 6, 3),
       ('Раковина', 6, 3),
       ('Газ', 6, 4),
       ('Дым', 6, 5),
       ('Окно', 6, 8),
       ('Количество света', 6, 10),
       ('Количество света', 6, 10),
       ('Температура', 6, 11),
       ('Влажность', 6, 12),
       ('Радиатор', 6, 16),
       ('Окно', 6, 18),
       ('Верхний свет', 6, 19),
       ('Подсветка', 6, 19),
       ('Окно', 6, 23),
       ('Торшер', 7, 1),
       ('У входа-1', 7, 1),
       ('У входа-2', 7, 1),
       ('Приставка', 7, 1),
       ('Телевизор', 7, 2),
       ('Увлажнитель', 7, 2),
       ('Углекислый газ', 7, 6),
       ('Правое окно', 7, 8),
       ('Левое окно', 7, 8),
       ('Количество света', 7, 10),
       ('Температура', 7, 11),
       ('Влажность', 7, 12),
       ('Колонка', 7, 15),
       ('Правая батарея', 7, 16),
       ('Левая батарея', 7, 16),
       ('Левое окно', 7, 18),
       ('Правое окно', 7, 18),
       ('Правое окно', 7, 18),
       ('Верхний свет', 7, 19),
       ('Правое окно', 7, 23),
       ('Левое окно', 7, 23);

INSERT INTO `user_logs`
VALUES ('1', '5', '2', '119', '2010-12-01 17:46:34'),
       ('2', '4', '5', '44', '1980-10-04 09:07:24'),
       ('3', '4', '9', '64', '2002-09-05 21:59:00'),
       ('4', '5', '3', '104', '1976-02-12 05:07:32'),
       ('5', '1', '1', '86', '2000-10-14 20:49:43'),
       ('6', '5', '9', '125', '1985-05-16 00:21:59'),
       ('7', '3', '5', '22', '1973-07-11 21:07:35'),
       ('8', '5', '8', '56', '1987-11-26 18:31:01'),
       ('9', '1', '4', '11', '1982-02-16 16:31:42'),
       ('10', '2', '7', '91', '1994-08-16 14:57:09'),
       ('11', '5', '7', '17', '1994-02-25 11:24:41'),
       ('12', '5', '6', '38', '2001-11-30 13:56:15'),
       ('13', '2', '5', '73', '1997-09-05 12:17:18'),
       ('14', '1', '9', '69', '2004-09-18 23:59:32'),
       ('15', '5', '6', '58', '1971-03-18 18:32:00'),
       ('16', '4', '5', '58', '1981-02-05 18:18:09'),
       ('17', '4', '1', '118', '2003-05-04 16:25:24'),
       ('18', '5', '5', '131', '1983-12-16 01:24:38'),
       ('19', '3', '8', '126', '1980-03-01 01:37:49'),
       ('20', '4', '8', '16', '1975-08-01 17:03:25'),
       ('21', '2', '4', '95', '2015-11-10 01:37:21'),
       ('22', '4', '1', '73', '1977-08-11 22:31:40'),
       ('23', '5', '7', '107', '1984-08-11 17:23:12'),
       ('24', '5', '5', '35', '2015-06-24 06:05:19'),
       ('25', '5', '7', '92', '2017-03-28 16:49:19'),
       ('26', '3', '2', '46', '2011-02-19 10:46:01'),
       ('27', '3', '7', '35', '1996-09-18 07:32:47'),
       ('28', '4', '6', '72', '2012-08-07 08:36:05'),
       ('29', '1', '3', '5', '1987-12-25 05:34:55'),
       ('30', '3', '5', '118', '1992-07-26 23:30:47'),
       ('31', '3', '3', '100', '1994-10-07 01:08:36'),
       ('32', '1', '4', '32', '1992-01-23 22:07:17'),
       ('33', '4', '8', '91', '1993-11-01 08:47:14'),
       ('34', '5', '2', '9', '2009-07-02 22:51:54'),
       ('35', '5', '8', '117', '2007-06-20 10:15:26'),
       ('36', '1', '3', '114', '1987-11-16 08:56:34'),
       ('37', '2', '2', '51', '1975-02-15 11:58:23'),
       ('38', '1', '8', '82', '2000-01-11 21:09:47'),
       ('39', '4', '7', '86', '2001-04-26 07:23:43'),
       ('40', '5', '8', '68', '1994-10-12 09:50:56'),
       ('41', '3', '8', '3', '2017-06-22 05:35:32'),
       ('42', '1', '5', '45', '1982-12-29 07:40:32'),
       ('43', '2', '6', '36', '1988-07-12 11:18:13'),
       ('44', '1', '8', '112', '1991-10-24 02:09:30'),
       ('45', '1', '2', '75', '2009-01-23 01:41:17'),
       ('46', '1', '1', '6', '2017-12-27 20:34:00'),
       ('47', '2', '6', '84', '1977-08-22 15:17:06'),
       ('48', '3', '8', '5', '1988-02-22 18:04:21'),
       ('49', '4', '5', '105', '1981-08-25 19:25:33'),
       ('50', '1', '8', '135', '2015-02-22 16:58:25'),
       ('51', '2', '8', '123', '2012-01-16 07:26:15'),
       ('52', '2', '6', '18', '2004-10-09 23:27:19'),
       ('53', '1', '7', '67', '1981-03-09 01:18:36'),
       ('54', '3', '5', '53', '1989-02-15 17:12:31'),
       ('55', '5', '7', '1', '1999-11-09 07:51:12'),
       ('56', '2', '3', '114', '2001-03-17 09:38:34'),
       ('57', '3', '7', '129', '1993-12-28 13:32:28'),
       ('58', '5', '2', '25', '1972-11-20 23:16:51'),
       ('59', '2', '1', '130', '1977-07-27 15:44:26'),
       ('60', '1', '1', '38', '1973-11-22 20:26:58'),
       ('61', '2', '7', '133', '2003-05-04 00:44:23'),
       ('62', '2', '7', '129', '2007-08-04 06:18:21'),
       ('63', '1', '2', '94', '1999-10-29 09:37:30'),
       ('64', '5', '7', '32', '1992-04-25 20:54:38'),
       ('65', '1', '1', '6', '2004-10-22 05:23:54'),
       ('66', '1', '7', '76', '1980-12-16 19:55:01'),
       ('67', '3', '5', '102', '1984-12-19 08:35:34'),
       ('68', '2', '1', '112', '1985-03-27 23:05:32'),
       ('69', '1', '9', '38', '2001-08-09 05:02:53'),
       ('70', '5', '9', '102', '1979-07-27 10:15:46'),
       ('71', '3', '9', '8', '1993-08-27 18:25:28'),
       ('72', '5', '8', '119', '2014-02-15 12:36:52'),
       ('73', '3', '1', '90', '1996-12-16 02:08:51'),
       ('74', '2', '2', '22', '1997-07-14 16:39:11'),
       ('75', '5', '4', '82', '1973-07-30 12:06:47'),
       ('76', '3', '6', '31', '2004-02-24 07:56:22'),
       ('77', '4', '7', '73', '2006-10-11 15:42:24'),
       ('78', '3', '2', '35', '2019-06-19 14:02:47'),
       ('79', '2', '6', '41', '1991-02-10 14:11:40'),
       ('80', '3', '7', '81', '1996-11-14 11:32:51'),
       ('81', '4', '5', '9', '1979-02-21 15:14:17'),
       ('82', '5', '2', '38', '2019-06-10 06:45:29'),
       ('83', '3', '7', '61', '1974-11-29 03:48:40'),
       ('84', '4', '4', '113', '2004-09-28 15:08:17'),
       ('85', '5', '8', '29', '2011-10-13 14:54:14'),
       ('86', '4', '3', '133', '1980-05-20 18:40:15'),
       ('87', '2', '6', '19', '1980-05-14 21:17:21'),
       ('88', '3', '3', '88', '2005-09-25 19:07:40'),
       ('89', '4', '9', '132', '2002-10-03 07:55:24'),
       ('90', '2', '8', '95', '1971-01-01 01:16:47'),
       ('91', '5', '3', '72', '1994-04-02 01:49:33'),
       ('92', '3', '2', '41', '2001-11-12 05:54:02'),
       ('93', '1', '5', '110', '2015-03-26 23:52:53'),
       ('94', '1', '4', '100', '1971-12-11 11:35:06'),
       ('95', '1', '1', '41', '2003-12-24 13:14:41'),
       ('96', '1', '7', '66', '2004-12-14 03:56:35'),
       ('97', '3', '2', '8', '2004-03-30 23:00:18'),
       ('98', '5', '9', '34', '1985-07-16 22:10:30'),
       ('99', '3', '6', '50', '2016-09-02 14:31:43'),
       ('100', '2', '6', '125', '1999-06-04 07:17:33'),
       ('101', '1', '5', '18', '2007-10-04 05:19:12'),
       ('102', '4', '5', '63', '2000-10-08 04:05:47'),
       ('103', '2', '8', '98', '2011-09-07 12:38:49'),
       ('104', '5', '6', '111', '1971-01-06 20:55:43'),
       ('105', '3', '5', '20', '2014-12-30 01:43:33'),
       ('106', '3', '8', '78', '1983-02-11 09:59:02'),
       ('107', '4', '5', '35', '1982-07-20 13:20:17'),
       ('108', '4', '8', '96', '1986-11-28 11:11:51'),
       ('109', '4', '2', '57', '1992-08-09 13:25:25'),
       ('110', '2', '7', '134', '1975-05-29 05:41:14'),
       ('111', '1', '8', '128', '1990-09-30 00:00:08'),
       ('112', '2', '7', '20', '2014-05-14 01:31:07'),
       ('113', '2', '9', '101', '1982-11-04 04:39:02'),
       ('114', '3', '1', '113', '1980-03-05 04:00:20'),
       ('115', '2', '7', '91', '1988-06-28 03:25:21'),
       ('116', '5', '5', '28', '1991-11-05 23:15:16'),
       ('117', '3', '8', '94', '1995-06-07 13:18:34'),
       ('118', '3', '1', '94', '1987-11-24 13:05:31'),
       ('119', '4', '4', '125', '2015-04-24 14:30:16'),
       ('120', '4', '7', '80', '2019-03-18 04:03:28'),
       ('121', '1', '9', '111', '2016-08-11 22:31:17'),
       ('122', '5', '4', '124', '1973-04-19 00:33:40'),
       ('123', '3', '5', '13', '2014-08-02 07:08:33'),
       ('124', '3', '2', '130', '2002-01-23 02:42:28'),
       ('125', '4', '3', '3', '1984-06-30 15:17:09'),
       ('126', '5', '5', '117', '2014-01-21 01:13:44'),
       ('127', '4', '6', '93', '1998-10-21 20:36:22'),
       ('128', '5', '8', '49', '1978-02-04 00:33:02'),
       ('129', '5', '4', '67', '1982-05-31 16:07:47'),
       ('130', '1', '4', '120', '2007-01-13 08:59:53'),
       ('131', '5', '7', '134', '2017-02-08 16:13:17'),
       ('132', '1', '8', '48', '2015-02-12 20:54:02'),
       ('133', '5', '5', '102', '1971-08-15 11:14:14'),
       ('134', '4', '5', '39', '1979-02-19 19:21:39'),
       ('135', '2', '6', '30', '1985-03-07 10:59:35'),
       ('136', '5', '1', '11', '2007-06-22 01:21:24'),
       ('137', '5', '5', '94', '2004-11-27 23:42:06'),
       ('138', '3', '7', '57', '1992-10-08 05:36:10'),
       ('139', '5', '3', '49', '1980-06-06 00:39:26'),
       ('140', '2', '8', '57', '1989-02-12 08:51:31'),
       ('141', '4', '3', '83', '1983-05-17 23:40:25'),
       ('142', '2', '8', '90', '2009-05-31 09:03:19'),
       ('143', '1', '2', '17', '1988-09-15 02:17:10'),
       ('144', '2', '7', '121', '1995-06-20 06:16:41'),
       ('145', '3', '3', '6', '1994-01-05 22:35:31'),
       ('146', '5', '3', '45', '1977-04-29 13:14:05'),
       ('147', '4', '8', '55', '2005-12-13 01:26:06'),
       ('148', '1', '9', '48', '1982-06-10 20:57:23'),
       ('149', '2', '7', '78', '1981-07-17 07:45:25'),
       ('150', '4', '4', '90', '2002-05-05 13:47:47'),
       ('151', '5', '4', '126', '2016-07-13 21:06:46'),
       ('152', '1', '9', '75', '2017-03-28 03:23:03'),
       ('153', '4', '8', '81', '1974-11-12 00:41:36'),
       ('154', '5', '2', '77', '1974-01-18 05:42:06'),
       ('155', '1', '4', '108', '1990-10-18 20:38:00'),
       ('156', '4', '1', '61', '2004-10-08 12:49:31'),
       ('157', '3', '9', '85', '2016-09-20 00:16:35'),
       ('158', '5', '6', '96', '1975-02-24 20:57:34'),
       ('159', '1', '8', '87', '1983-08-20 20:33:19'),
       ('160', '5', '2', '121', '2008-05-05 22:42:08'),
       ('161', '4', '4', '114', '1998-06-29 08:38:06'),
       ('162', '5', '7', '3', '1979-07-12 01:42:50'),
       ('163', '3', '8', '89', '2003-02-16 17:33:11'),
       ('164', '4', '8', '9', '2010-08-08 02:03:42'),
       ('165', '1', '5', '48', '1987-06-05 02:14:53'),
       ('166', '4', '1', '56', '2001-08-28 13:50:07'),
       ('167', '5', '5', '38', '1975-04-25 11:56:53'),
       ('168', '3', '6', '79', '2017-05-11 14:13:35'),
       ('169', '1', '3', '109', '1992-02-10 05:13:07'),
       ('170', '2', '4', '75', '1998-08-16 07:40:11'),
       ('171', '1', '7', '14', '1990-11-27 04:23:31'),
       ('172', '5', '1', '47', '2017-01-11 20:14:34'),
       ('173', '1', '9', '81', '2010-04-23 09:10:19'),
       ('174', '5', '3', '13', '2001-01-13 20:26:04'),
       ('175', '3', '5', '54', '2009-03-02 20:49:43'),
       ('176', '2', '5', '86', '1989-11-06 20:47:48'),
       ('177', '2', '6', '70', '1976-06-18 10:29:16'),
       ('178', '5', '3', '13', '1977-12-17 23:27:00'),
       ('179', '1', '2', '57', '2014-06-09 09:42:46'),
       ('180', '5', '6', '92', '2007-02-15 21:27:26'),
       ('181', '3', '4', '73', '1986-07-18 08:22:30'),
       ('182', '1', '5', '36', '2013-11-23 17:22:56'),
       ('183', '1', '4', '34', '2019-06-14 00:21:38'),
       ('184', '3', '5', '101', '1977-06-12 23:38:35'),
       ('185', '5', '9', '89', '1993-09-26 14:31:33'),
       ('186', '3', '9', '33', '2013-01-27 03:56:08'),
       ('187', '3', '8', '30', '2004-10-04 21:53:08'),
       ('188', '5', '8', '86', '1985-08-18 12:49:35'),
       ('189', '5', '8', '3', '1972-01-24 17:48:39'),
       ('190', '2', '2', '38', '1979-12-11 03:17:41'),
       ('191', '1', '8', '12', '1980-11-14 12:13:06'),
       ('192', '1', '5', '110', '1999-06-29 16:39:27'),
       ('193', '2', '3', '21', '1997-04-20 04:45:03'),
       ('194', '5', '7', '82', '1972-03-19 09:17:50'),
       ('195', '3', '8', '71', '1971-03-18 17:06:13'),
       ('196', '1', '7', '54', '2007-07-06 01:08:17'),
       ('197', '4', '2', '135', '1997-01-24 20:38:32'),
       ('198', '1', '2', '123', '1997-04-25 22:25:42'),
       ('199', '3', '5', '70', '1977-01-18 09:07:01'),
       ('200', '3', '7', '2', '1974-02-24 14:31:00');

INSERT INTO `indications`
VALUES ('1', '72', '2010-10-07 01:52:05', '11.81'),
       ('2', '129', '2008-06-30 17:59:01', '10.74'),
       ('3', '53', '1989-04-14 16:33:15', '2'),
       ('4', '92', '1984-01-20 22:32:10', '3.49'),
       ('5', '126', '1987-11-17 11:15:48', '5.18'),
       ('6', '117', '1990-06-20 17:17:03', '1.72'),
       ('7', '73', '1978-12-10 20:55:56', '3.21'),
       ('8', '124', '1972-01-13 23:45:14', '18.35'),
       ('9', '57', '1997-01-15 09:30:01', '0.2'),
       ('10', '79', '1987-08-14 19:41:08', '24.81'),
       ('11', '49', '1986-01-17 06:36:47', '12.16'),
       ('12', '17', '2011-04-25 23:23:21', '21.94'),
       ('13', '25', '2015-08-31 10:43:59', '6.96'),
       ('14', '85', '1995-09-10 15:31:26', '7.77'),
       ('15', '130', '2002-06-17 10:37:32', '22.21'),
       ('16', '18', '1975-09-14 23:14:34', '22.04'),
       ('17', '54', '2003-10-03 09:14:59', '15.41'),
       ('18', '123', '2016-01-29 15:04:01', '22.62'),
       ('19', '98', '2016-05-06 16:05:03', '16.44'),
       ('20', '53', '1974-09-22 06:52:21', '1.54'),
       ('21', '115', '1995-08-01 18:06:50', '4.16'),
       ('22', '95', '2005-04-06 11:49:27', '29.98'),
       ('23', '36', '1984-06-18 22:02:18', '15.2'),
       ('24', '132', '1998-07-09 11:38:54', '5.22'),
       ('25', '29', '2015-03-03 22:39:08', '25.65'),
       ('26', '91', '2001-09-09 04:35:20', '27.92'),
       ('27', '133', '2013-03-25 03:39:13', '7.79'),
       ('28', '52', '1995-07-21 20:55:33', '15.85'),
       ('29', '63', '2001-06-17 20:16:53', '19.51'),
       ('30', '132', '2018-10-26 09:29:25', '6.95'),
       ('31', '133', '2001-07-20 02:05:26', '22.12'),
       ('32', '43', '1988-05-25 03:50:14', '21.23'),
       ('33', '90', '1992-07-14 18:27:15', '3.92'),
       ('34', '112', '1992-09-15 10:00:34', '5.98'),
       ('35', '83', '2019-09-15 12:33:37', '16.29'),
       ('36', '120', '2019-05-11 18:04:00', '14.53'),
       ('37', '17', '1989-04-01 09:44:11', '8.59'),
       ('38', '44', '2018-03-31 03:26:56', '16.13'),
       ('39', '63', '1975-06-23 08:19:34', '29.44'),
       ('40', '72', '1997-04-21 11:39:38', '18.1'),
       ('41', '31', '1999-05-10 09:42:11', '2.64'),
       ('42', '92', '2008-06-20 07:13:32', '15.22'),
       ('43', '31', '2003-11-19 07:27:16', '12.61'),
       ('44', '102', '2002-01-17 02:42:31', '29.24'),
       ('45', '94', '1972-07-24 02:27:24', '11.4'),
       ('46', '22', '1997-06-11 23:39:11', '18.55'),
       ('47', '8', '2014-04-11 20:40:48', '26.2'),
       ('48', '42', '2012-11-12 11:29:26', '9.27'),
       ('49', '73', '2003-07-24 10:52:55', '23.01'),
       ('50', '42', '2015-07-10 18:44:15', '10.95'),
       ('51', '129', '1992-03-09 22:26:57', '29.85'),
       ('52', '5', '1985-03-24 06:38:07', '9.04'),
       ('53', '33', '1987-02-03 07:16:50', '1.37'),
       ('54', '12', '2000-10-15 17:14:54', '12.78'),
       ('55', '85', '1997-02-04 18:01:11', '9.84'),
       ('56', '130', '1978-11-17 19:29:34', '17.24'),
       ('57', '3', '2006-05-17 22:44:37', '26.78'),
       ('58', '104', '2004-07-24 16:13:12', '1.98'),
       ('59', '121', '1998-09-18 22:12:53', '17.41'),
       ('60', '109', '1982-07-29 19:53:07', '3.36'),
       ('61', '98', '1994-12-09 12:07:40', '25.76'),
       ('62', '63', '1993-03-08 10:24:28', '10.87'),
       ('63', '10', '2007-03-01 15:41:36', '29.03'),
       ('64', '120', '2008-11-02 20:13:27', '0.95'),
       ('65', '117', '2000-05-10 13:39:25', '7.49'),
       ('66', '50', '2002-06-28 14:29:31', '13.83'),
       ('67', '20', '2002-10-03 23:48:07', '11.06'),
       ('68', '95', '1995-05-23 06:53:33', '25.78'),
       ('69', '88', '2012-09-28 22:46:31', '25.96'),
       ('70', '20', '2011-05-25 01:25:37', '28.6'),
       ('71', '36', '2016-11-07 07:53:09', '20.11'),
       ('72', '116', '1996-08-10 07:17:07', '14.6'),
       ('73', '21', '2003-07-06 19:32:53', '25.38'),
       ('74', '116', '1989-09-30 18:43:57', '0.42'),
       ('75', '10', '2004-10-29 15:53:06', '8.47'),
       ('76', '23', '2006-01-16 14:17:50', '15.01'),
       ('77', '62', '2015-02-25 21:40:22', '15.15'),
       ('78', '45', '2004-11-24 13:52:32', '17.35'),
       ('79', '78', '2004-04-11 05:33:35', '24.81'),
       ('80', '19', '2007-08-08 14:13:54', '14.04'),
       ('81', '20', '1981-02-16 17:48:51', '5.42'),
       ('82', '106', '2001-07-29 04:14:37', '23.61'),
       ('83', '124', '2006-10-24 13:29:37', '23.11'),
       ('84', '55', '1990-06-06 00:04:57', '25.45'),
       ('85', '68', '1977-06-25 13:44:27', '14.68'),
       ('86', '40', '1988-10-20 05:56:48', '15.69'),
       ('87', '81', '2016-10-18 02:40:18', '28.25'),
       ('88', '114', '1974-12-26 17:26:43', '29.85'),
       ('89', '45', '1976-03-07 03:32:17', '25.09'),
       ('90', '111', '2017-07-24 02:15:31', '8.23'),
       ('91', '65', '1998-01-22 08:22:58', '2.48'),
       ('92', '1', '2015-04-18 13:40:49', '28.15'),
       ('93', '91', '1999-06-30 03:35:39', '21.28'),
       ('94', '76', '1991-01-04 01:44:34', '14.72'),
       ('95', '106', '1978-10-25 06:07:55', '29.54'),
       ('96', '16', '2000-04-20 03:39:31', '13.22'),
       ('97', '125', '1986-11-11 20:45:18', '24.87'),
       ('98', '24', '1977-08-27 22:53:58', '8.74'),
       ('99', '121', '1985-05-16 23:09:01', '3.16'),
       ('100', '99', '2016-08-06 12:26:46', '7.93'),
       ('101', '120', '2017-10-22 09:35:47', '4.88'),
       ('102', '129', '1991-03-09 15:09:24', '11.29'),
       ('103', '104', '1986-12-15 01:03:54', '17.01'),
       ('104', '65', '1985-07-28 22:36:29', '8.51'),
       ('105', '90', '2010-02-04 21:56:47', '9.85'),
       ('106', '117', '1993-10-04 03:54:20', '16.94'),
       ('107', '99', '1983-06-23 06:31:53', '2.91'),
       ('108', '94', '2013-01-17 06:04:25', '1.16'),
       ('109', '91', '2005-08-01 11:25:06', '2.77'),
       ('110', '23', '1998-07-18 00:26:01', '20.3'),
       ('111', '89', '2011-11-23 17:57:14', '16.93'),
       ('112', '96', '1971-09-06 06:57:19', '29.27'),
       ('113', '26', '2016-11-05 04:33:18', '29.7'),
       ('114', '39', '1996-12-25 12:05:51', '2.31'),
       ('115', '90', '2017-12-18 09:15:23', '9.55'),
       ('116', '100', '1990-01-19 16:26:17', '4.91'),
       ('117', '58', '1985-12-08 01:37:23', '2.7'),
       ('118', '5', '1989-02-28 08:00:47', '8.5'),
       ('119', '102', '1998-05-27 08:13:04', '21.6'),
       ('120', '26', '1997-05-31 16:03:10', '28.35'),
       ('121', '8', '1978-05-29 09:16:07', '12.74'),
       ('122', '56', '1999-07-22 06:34:41', '26.31'),
       ('123', '103', '1989-01-06 01:23:37', '27.65'),
       ('124', '8', '1974-01-20 21:42:46', '19.86'),
       ('125', '14', '1972-04-17 13:07:32', '27.83'),
       ('126', '122', '1992-06-23 03:13:50', '7.36'),
       ('127', '106', '2012-08-11 15:39:55', '14.77'),
       ('128', '101', '1997-03-26 10:44:13', '11.42'),
       ('129', '125', '1994-10-29 19:38:21', '2.02'),
       ('130', '8', '2012-04-11 22:34:40', '9.91'),
       ('131', '124', '1978-04-23 21:30:27', '0.87'),
       ('132', '108', '2016-05-10 03:43:44', '23.08'),
       ('133', '55', '1982-03-08 13:25:54', '7.39'),
       ('134', '66', '2008-11-30 23:45:52', '26.72'),
       ('135', '28', '2003-05-08 01:54:15', '13.1'),
       ('136', '34', '2003-09-28 17:04:33', '24.78'),
       ('137', '73', '2003-11-09 01:30:27', '25.74'),
       ('138', '51', '2008-11-22 05:40:51', '17.59'),
       ('139', '125', '1988-07-26 09:04:45', '6.17'),
       ('140', '36', '2014-12-12 14:31:15', '21.2'),
       ('141', '19', '2001-02-01 23:13:20', '18.39'),
       ('142', '23', '2009-12-19 09:10:31', '12.61'),
       ('143', '122', '2018-10-23 21:48:16', '27.79'),
       ('144', '117', '1996-10-16 17:34:34', '14.94'),
       ('145', '97', '1998-05-18 00:46:24', '11.9'),
       ('146', '101', '1988-01-14 17:09:36', '3.52'),
       ('147', '122', '2011-11-02 04:23:13', '18.89'),
       ('148', '129', '2018-07-04 03:56:32', '26.77'),
       ('149', '51', '1972-05-25 17:32:26', '5.92'),
       ('150', '21', '2014-07-18 14:54:05', '26.5'),
       ('151', '7', '1998-08-03 09:43:37', '27.38'),
       ('152', '135', '1983-12-28 06:04:02', '11.51'),
       ('153', '16', '1983-09-15 19:37:03', '16.12'),
       ('154', '116', '1976-01-12 18:20:54', '8'),
       ('155', '72', '2018-05-14 23:08:08', '13.69'),
       ('156', '122', '1983-12-09 18:57:45', '5.38'),
       ('157', '91', '2001-01-11 00:32:11', '21.18'),
       ('158', '50', '1985-09-21 09:50:53', '16.99'),
       ('159', '92', '2005-11-11 04:33:03', '24.23'),
       ('160', '23', '1984-08-07 12:19:26', '8.39'),
       ('161', '64', '2001-02-01 08:21:50', '19.8'),
       ('162', '112', '1977-05-28 17:43:51', '2.25'),
       ('163', '79', '1975-04-24 01:41:54', '16.82'),
       ('164', '126', '1987-08-21 08:14:05', '22.42'),
       ('165', '29', '1973-05-18 17:13:36', '28.89'),
       ('166', '15', '2007-07-30 23:38:47', '3.19'),
       ('167', '52', '1999-05-29 15:22:31', '28.99'),
       ('168', '38', '1992-06-13 04:12:56', '28.95'),
       ('169', '32', '1978-04-08 10:47:17', '27.13'),
       ('170', '77', '2005-10-12 19:21:23', '28.08'),
       ('171', '55', '2003-03-11 01:50:21', '28.56'),
       ('172', '116', '1987-03-30 23:02:08', '24.91'),
       ('173', '130', '2002-01-09 21:12:21', '8.19'),
       ('174', '64', '1973-10-17 18:33:39', '24.21'),
       ('175', '49', '2017-01-01 06:30:18', '0.07'),
       ('176', '95', '2015-02-15 18:28:55', '9.74'),
       ('177', '114', '1985-06-22 02:25:35', '9.08'),
       ('178', '118', '2018-07-01 11:25:58', '23.7'),
       ('179', '14', '1985-01-11 14:44:20', '19.57'),
       ('180', '65', '1998-11-25 15:24:08', '0.67'),
       ('181', '115', '1983-10-10 19:14:11', '15.17'),
       ('182', '93', '1995-09-03 13:03:08', '20.1'),
       ('183', '54', '1972-12-25 23:04:25', '17.8'),
       ('184', '85', '1994-04-13 19:05:45', '13.53'),
       ('185', '21', '1984-09-30 11:43:04', '24.08'),
       ('186', '128', '1996-02-17 14:50:33', '9.65'),
       ('187', '31', '1996-09-02 17:22:30', '1.83'),
       ('188', '101', '2000-09-16 05:56:04', '5.82'),
       ('189', '54', '2001-04-14 09:13:35', '4.53'),
       ('190', '11', '1997-07-26 12:49:01', '9.19'),
       ('191', '98', '1994-03-19 09:12:46', '20.58'),
       ('192', '53', '2011-08-28 10:51:08', '14.65'),
       ('193', '21', '2012-10-08 08:34:24', '6.9'),
       ('194', '24', '2019-12-21 21:28:52', '29.8'),
       ('195', '100', '2008-02-23 08:06:13', '16.7'),
       ('196', '132', '1998-10-30 18:01:35', '29.41'),
       ('197', '46', '1979-07-14 06:04:04', '9.31'),
       ('198', '131', '1995-11-19 20:51:31', '9.13'),
       ('199', '19', '1986-09-10 09:07:33', '16.45'),
       ('200', '21', '1994-12-10 14:23:31', '7.15');

INSERT INTO `sensor_states`
VALUES ('1', '102', '2000-04-23 13:52:15', 'off'),
       ('2', '25', '1992-04-16 13:12:57', 'off'),
       ('3', '47', '1997-05-01 19:38:38', 'off'),
       ('4', '112', '1981-09-17 00:23:14', 'off'),
       ('5', '102', '1996-03-23 13:00:43', 'off'),
       ('6', '57', '1992-08-21 14:53:36', 'off'),
       ('7', '14', '1994-05-30 09:21:07', 'off'),
       ('8', '110', '2013-01-25 08:45:57', 'off'),
       ('9', '98', '1987-03-02 14:57:58', 'off'),
       ('10', '85', '2000-05-08 08:25:33', 'on'),
       ('11', '112', '1984-05-02 05:00:03', 'on'),
       ('12', '99', '1975-02-13 02:13:47', 'off'),
       ('13', '133', '1976-02-11 01:47:15', 'on'),
       ('14', '93', '1971-10-05 05:24:18', 'off'),
       ('15', '119', '1988-04-05 00:48:26', 'on'),
       ('16', '10', '1997-12-30 09:28:22', 'off'),
       ('17', '99', '1986-06-29 18:15:39', 'on'),
       ('18', '88', '1999-05-20 04:30:48', 'off'),
       ('19', '39', '1979-01-28 16:12:57', 'on'),
       ('20', '111', '1980-05-21 07:25:53', 'off'),
       ('21', '4', '2019-02-28 21:07:10', 'on'),
       ('22', '10', '1980-09-23 18:16:53', 'on'),
       ('23', '88', '1971-07-03 22:04:06', 'off'),
       ('24', '61', '1978-01-20 10:03:11', 'off'),
       ('25', '93', '1977-05-26 03:14:30', 'off'),
       ('26', '60', '1986-05-22 03:48:36', 'on'),
       ('27', '98', '2002-04-03 13:49:16', 'on'),
       ('28', '52', '1976-08-01 12:14:27', 'off'),
       ('29', '86', '2001-02-06 02:52:36', 'off'),
       ('30', '51', '1993-01-02 06:46:19', 'off'),
       ('31', '49', '1987-05-04 20:14:47', 'on'),
       ('32', '54', '2017-09-12 02:16:30', 'off'),
       ('33', '124', '1972-07-14 15:50:01', 'off'),
       ('34', '88', '2019-11-28 23:56:49', 'off'),
       ('35', '133', '1985-01-29 20:41:44', 'off'),
       ('36', '46', '2019-05-18 09:06:11', 'off'),
       ('37', '112', '2015-07-26 07:44:33', 'on'),
       ('38', '36', '1991-01-02 08:06:34', 'off'),
       ('39', '100', '1970-06-27 08:55:38', 'on'),
       ('40', '87', '1992-07-28 03:11:50', 'off'),
       ('41', '129', '1973-04-21 06:34:50', 'on'),
       ('42', '35', '1986-01-19 00:09:42', 'off'),
       ('43', '23', '1997-12-29 18:30:53', 'on'),
       ('44', '31', '1970-09-23 18:06:43', 'off'),
       ('45', '64', '1980-05-14 17:24:30', 'on'),
       ('46', '21', '1991-04-07 05:23:47', 'off'),
       ('47', '131', '1996-08-03 22:15:41', 'off'),
       ('48', '49', '2012-03-24 23:19:13', 'off'),
       ('49', '49', '2004-02-19 04:47:38', 'off'),
       ('50', '51', '1973-07-26 04:43:47', 'on'),
       ('51', '20', '1996-12-27 19:08:23', 'on'),
       ('52', '4', '1988-07-21 09:11:56', 'off'),
       ('53', '57', '2007-06-28 21:09:49', 'on'),
       ('54', '79', '2011-08-10 20:42:51', 'on'),
       ('55', '1', '1976-11-16 14:22:10', 'on'),
       ('56', '100', '1997-06-22 03:46:02', 'on'),
       ('57', '26', '1973-06-20 08:28:52', 'off'),
       ('58', '1', '1991-01-21 11:59:23', 'off'),
       ('59', '37', '2003-07-25 19:40:42', 'on'),
       ('60', '62', '2007-02-27 02:59:14', 'off'),
       ('61', '100', '2005-12-22 17:54:45', 'on'),
       ('62', '43', '1979-02-16 09:54:49', 'on'),
       ('63', '77', '2006-04-21 19:27:04', 'off'),
       ('64', '98', '1970-01-25 03:01:29', 'on'),
       ('65', '131', '2017-03-27 01:43:43', 'on'),
       ('66', '75', '2014-04-17 14:36:35', 'on'),
       ('67', '128', '1991-05-15 08:12:53', 'off'),
       ('68', '62', '2000-09-01 23:46:25', 'on'),
       ('69', '32', '1984-10-28 20:50:02', 'on'),
       ('70', '7', '1982-11-21 18:14:28', 'off'),
       ('71', '35', '2007-04-08 02:47:39', 'off'),
       ('72', '8', '2014-11-24 02:01:20', 'on'),
       ('73', '29', '2013-06-22 17:50:21', 'on'),
       ('74', '25', '1990-07-16 14:59:50', 'off'),
       ('75', '19', '1989-03-29 16:16:35', 'on'),
       ('76', '98', '1992-12-16 00:58:34', 'off'),
       ('77', '81', '1974-07-23 20:21:10', 'off'),
       ('78', '131', '1979-05-28 06:51:41', 'off'),
       ('79', '32', '1984-11-17 19:38:20', 'off'),
       ('80', '108', '2011-11-22 20:13:25', 'off'),
       ('81', '81', '1985-02-24 08:54:22', 'off'),
       ('82', '33', '2008-01-18 22:57:13', 'off'),
       ('83', '51', '1970-05-28 16:37:56', 'on'),
       ('84', '13', '1983-12-13 19:58:23', 'on'),
       ('85', '73', '1979-11-03 10:26:44', 'off'),
       ('86', '109', '2000-03-30 05:48:38', 'off'),
       ('87', '43', '1973-12-23 11:21:36', 'on'),
       ('88', '56', '2000-11-20 16:56:17', 'on'),
       ('89', '4', '2016-08-20 21:54:34', 'off'),
       ('90', '104', '1981-09-29 05:07:22', 'on'),
       ('91', '50', '2015-01-09 05:33:54', 'on'),
       ('92', '22', '1980-09-15 16:14:03', 'on'),
       ('93', '62', '2007-09-04 06:08:05', 'on'),
       ('94', '90', '1996-09-03 10:17:32', 'off'),
       ('95', '121', '2008-05-29 16:27:32', 'on'),
       ('96', '76', '1990-05-19 16:03:19', 'off'),
       ('97', '63', '2004-02-12 06:29:09', 'on'),
       ('98', '84', '2005-01-29 23:16:43', 'on'),
       ('99', '49', '2012-05-14 19:21:13', 'on'),
       ('100', '120', '1996-02-01 16:03:47', 'off'),
       ('101', '81', '2006-08-20 11:57:44', 'on'),
       ('102', '36', '1992-08-02 08:31:49', 'on'),
       ('103', '116', '2013-02-25 23:22:20', 'on'),
       ('104', '45', '1977-01-14 16:41:18', 'on'),
       ('105', '108', '1978-08-29 17:04:22', 'off'),
       ('106', '52', '1990-03-15 10:25:40', 'on'),
       ('107', '117', '1985-07-06 09:30:13', 'on'),
       ('108', '20', '2007-12-27 23:39:23', 'on'),
       ('109', '114', '2001-01-23 01:21:52', 'on'),
       ('110', '121', '1987-10-19 21:41:42', 'off'),
       ('111', '67', '2017-10-11 09:17:26', 'on'),
       ('112', '4', '1989-11-06 06:08:19', 'off'),
       ('113', '132', '1989-05-06 13:30:02', 'on'),
       ('114', '62', '2011-09-02 15:15:32', 'off'),
       ('115', '79', '1972-06-14 15:00:39', 'off'),
       ('116', '38', '1989-05-11 10:23:38', 'on'),
       ('117', '111', '1998-03-09 04:21:12', 'off'),
       ('118', '116', '2001-04-20 16:18:35', 'off'),
       ('119', '124', '2001-12-08 10:56:11', 'on'),
       ('120', '4', '2002-05-25 19:27:20', 'off'),
       ('121', '81', '2019-10-19 17:38:17', 'off'),
       ('122', '62', '1991-02-19 14:05:23', 'on'),
       ('123', '62', '2016-01-05 00:59:21', 'on'),
       ('124', '83', '2001-07-24 17:44:00', 'on'),
       ('125', '77', '2008-05-31 10:00:05', 'off'),
       ('126', '19', '1975-08-09 04:28:07', 'on'),
       ('127', '67', '1995-02-13 05:47:24', 'off'),
       ('128', '30', '1988-07-30 11:48:33', 'on'),
       ('129', '32', '2010-06-27 16:20:06', 'on'),
       ('130', '66', '2000-02-22 09:19:05', 'off'),
       ('131', '113', '1972-11-30 14:10:53', 'off'),
       ('132', '17', '2010-08-06 02:20:25', 'on'),
       ('133', '99', '1989-06-25 01:38:41', 'off'),
       ('134', '109', '1971-01-29 20:12:59', 'off'),
       ('135', '98', '1988-07-25 18:19:58', 'off'),
       ('136', '53', '1997-11-22 22:57:14', 'off'),
       ('137', '114', '1984-01-13 04:03:46', 'on'),
       ('138', '60', '1974-07-14 03:15:48', 'off'),
       ('139', '67', '2018-12-20 10:27:43', 'off'),
       ('140', '110', '2004-04-12 10:19:23', 'off'),
       ('141', '129', '1978-03-13 22:38:08', 'on'),
       ('142', '68', '1997-09-28 16:19:57', 'off'),
       ('143', '97', '1999-04-18 18:03:53', 'off'),
       ('144', '82', '1975-12-01 14:18:18', 'off'),
       ('145', '52', '1986-08-23 12:35:45', 'off'),
       ('146', '100', '1978-10-27 12:06:12', 'on'),
       ('147', '8', '1971-11-08 17:55:20', 'off'),
       ('148', '48', '2012-01-31 03:49:24', 'on'),
       ('149', '67', '1989-08-29 03:23:18', 'off'),
       ('150', '48', '1989-02-01 23:46:25', 'on'),
       ('151', '36', '1998-09-20 23:47:22', 'off'),
       ('152', '68', '1998-02-28 17:00:27', 'on'),
       ('153', '25', '2002-04-28 19:44:04', 'on'),
       ('154', '20', '1986-05-08 04:10:26', 'off'),
       ('155', '43', '1995-05-18 19:00:58', 'on'),
       ('156', '37', '1971-10-23 00:38:52', 'on'),
       ('157', '66', '1990-01-12 01:35:11', 'off'),
       ('158', '118', '1992-12-31 13:48:15', 'on'),
       ('159', '41', '2009-05-13 07:55:42', 'off'),
       ('160', '101', '2013-08-10 03:34:52', 'on'),
       ('161', '40', '1973-07-30 02:21:28', 'on'),
       ('162', '67', '2006-07-11 10:26:16', 'off'),
       ('163', '31', '1981-12-19 20:03:22', 'off'),
       ('164', '32', '1977-01-17 11:40:04', 'off'),
       ('165', '41', '2003-09-09 10:38:45', 'off'),
       ('166', '106', '1991-05-02 12:22:11', 'off'),
       ('167', '111', '2000-04-24 01:42:22', 'off'),
       ('168', '20', '1995-05-03 03:31:13', 'on'),
       ('169', '77', '2012-06-17 09:06:03', 'on'),
       ('170', '12', '2014-03-08 16:43:45', 'off'),
       ('171', '111', '1980-07-19 09:26:16', 'off'),
       ('172', '53', '2005-01-08 10:51:06', 'on'),
       ('173', '49', '1974-06-12 21:55:00', 'off'),
       ('174', '65', '1973-04-12 18:58:45', 'off'),
       ('175', '112', '2007-05-22 07:00:35', 'off'),
       ('176', '38', '1982-01-19 03:03:50', 'on'),
       ('177', '7', '1976-11-06 20:07:06', 'on'),
       ('178', '93', '2018-02-21 12:12:33', 'off'),
       ('179', '133', '1980-02-02 22:44:42', 'off'),
       ('180', '107', '2020-01-25 17:14:28', 'off'),
       ('181', '56', '2015-03-01 19:23:31', 'off'),
       ('182', '120', '2001-09-30 07:18:03', 'off'),
       ('183', '40', '1972-07-22 05:24:07', 'on'),
       ('184', '1', '1973-07-01 06:35:17', 'on'),
       ('185', '41', '2009-06-21 12:04:32', 'off'),
       ('186', '64', '1976-10-06 11:05:18', 'on'),
       ('187', '60', '1971-11-20 22:17:55', 'off'),
       ('188', '132', '1990-08-20 04:16:47', 'off'),
       ('189', '67', '1977-05-28 04:40:26', 'off'),
       ('190', '34', '2009-10-01 09:06:15', 'on'),
       ('191', '124', '1996-08-21 20:56:02', 'off'),
       ('192', '121', '2012-07-01 07:40:22', 'on'),
       ('193', '68', '2011-03-24 00:15:25', 'on'),
       ('194', '120', '1997-10-10 02:58:55', 'off'),
       ('195', '116', '1982-08-24 08:46:53', 'off'),
       ('196', '30', '2005-04-08 15:34:55', 'on'),
       ('197', '63', '2014-06-07 12:02:30', 'on'),
       ('198', '91', '1991-12-30 09:20:31', 'on'),
       ('199', '4', '1977-12-04 03:34:14', 'on'),
       ('200', '71', '1973-08-16 19:47:52', 'off');

INSERT INTO text_messages (code, text_message)
VALUES (101, 'Сработал датчик протечки %D'),
       (102, 'Повышенное содержание СО2 в комнате %R'),
       (103, 'Не удается закрыть окно %D в комнате %R'),
       (104, 'Мне скучно придумывать данные'),
       (105, 'Жителей не обнаружено 30 минут, дом обесточен'),
       (106, 'Взлом входной двери')